--
-- Script was generated by Devart dbForge Studio 2020 for MySQL, Version 9.0.688.0
-- Product home page: http://www.devart.com/dbforge/mysql/studio
-- Script date 2022. 02. 06. 22:52:31
-- Server version: 10.4.22
-- Client version: 4.1
--

-- 
-- Disable foreign keys
-- 
/*!40014 SET @OLD_FOREIGN_KEY_CHECKS=@@FOREIGN_KEY_CHECKS, FOREIGN_KEY_CHECKS=0 */;

-- 
-- Set SQL mode
-- 
/*!40101 SET @OLD_SQL_MODE=@@SQL_MODE, SQL_MODE='NO_AUTO_VALUE_ON_ZERO' */;

-- 
-- Set character set the client will use to send SQL statements to the server
--
SET NAMES 'utf8';

DROP DATABASE IF EXISTS remekmuvekbeta;

CREATE DATABASE remekmuvekbeta
	CHARACTER SET utf8
	COLLATE utf8_hungarian_ci;

--
-- Set default database
--
USE remekmuvekbeta;

--
-- Create table `varosok`
--
CREATE TABLE varosok (
  varos_id INT(11) NOT NULL AUTO_INCREMENT,
  varos VARCHAR(255) DEFAULT NULL,
  PRIMARY KEY (varos_id)
)
ENGINE = INNODB,
AUTO_INCREMENT = 26,
AVG_ROW_LENGTH = 655,
CHARACTER SET utf8,
COLLATE utf8_hungarian_ci;

--
-- Create table `stilusok`
--
CREATE TABLE stilusok (
  stilus_id INT(11) NOT NULL AUTO_INCREMENT,
  stilus VARCHAR(255) DEFAULT NULL,
  PRIMARY KEY (stilus_id)
)
ENGINE = INNODB,
AUTO_INCREMENT = 7,
AVG_ROW_LENGTH = 2730,
CHARACTER SET utf8,
COLLATE utf8_hungarian_ci;

--
-- Create table `orszagok`
--
CREATE TABLE orszagok (
  orszag_id INT(11) NOT NULL AUTO_INCREMENT,
  orszag VARCHAR(255) DEFAULT NULL,
  PRIMARY KEY (orszag_id)
)
ENGINE = INNODB,
AUTO_INCREMENT = 13,
AVG_ROW_LENGTH = 1365,
CHARACTER SET utf8,
COLLATE utf8_hungarian_ci;

--
-- Create table `kategoriak`
--
CREATE TABLE kategoriak (
  kat_id INT(11) NOT NULL AUTO_INCREMENT,
  kategoria VARCHAR(255) DEFAULT NULL,
  PRIMARY KEY (kat_id)
)
ENGINE = INNODB,
AUTO_INCREMENT = 5,
AVG_ROW_LENGTH = 4096,
CHARACTER SET utf8,
COLLATE utf8_hungarian_ci;

--
-- Create table `remekmuvek`
--
CREATE TABLE remekmuvek (
  id INT(11) NOT NULL AUTO_INCREMENT,
  nev VARCHAR(255) DEFAULT NULL,
  leiras VARCHAR(255) DEFAULT NULL,
  varos_id INT(11) DEFAULT NULL,
  orszag_id INT(11) DEFAULT NULL,
  stilus_id INT(11) DEFAULT NULL,
  kategoria_id INT(11) DEFAULT NULL,
  kep1 VARCHAR(255) DEFAULT NULL,
  kep2 VARCHAR(255) DEFAULT NULL,
  kep3 VARCHAR(255) DEFAULT NULL,
  PRIMARY KEY (id)
)
ENGINE = INNODB,
AUTO_INCREMENT = 47,
AVG_ROW_LENGTH = 409,
CHARACTER SET utf8,
COLLATE utf8_hungarian_ci;

--
-- Create foreign key
--
ALTER TABLE remekmuvek 
  ADD CONSTRAINT FK_remekmuvek_kategoriak_kat_id FOREIGN KEY (kategoria_id)
    REFERENCES kategoriak(kat_id) ON DELETE NO ACTION ON UPDATE NO ACTION;

--
-- Create foreign key
--
ALTER TABLE remekmuvek 
  ADD CONSTRAINT FK_remekmuvek_orszagok_orszag_id FOREIGN KEY (orszag_id)
    REFERENCES orszagok(orszag_id) ON DELETE NO ACTION ON UPDATE NO ACTION;

--
-- Create foreign key
--
ALTER TABLE remekmuvek 
  ADD CONSTRAINT FK_remekmuvek_stilusok_stilus_id FOREIGN KEY (stilus_id)
    REFERENCES stilusok(stilus_id) ON DELETE NO ACTION ON UPDATE NO ACTION;

--
-- Create foreign key
--
ALTER TABLE remekmuvek 
  ADD CONSTRAINT FK_remekmuvek_varosok_varos_id FOREIGN KEY (varos_id)
    REFERENCES varosok(varos_id) ON DELETE NO ACTION ON UPDATE NO ACTION;

--
-- Create table `felhasznalok`
--
CREATE TABLE felhasznalok (
  id INT(11) NOT NULL AUTO_INCREMENT,
  nev VARCHAR(255) DEFAULT NULL,
  felhasznalonev VARCHAR(255) DEFAULT NULL,
  email VARCHAR(50) DEFAULT NULL,
  passwd VARCHAR(255) DEFAULT NULL,
  jogosultsag ENUM('Szerkesztő','Felhasználó') DEFAULT NULL,
  PRIMARY KEY (id)
)
ENGINE = INNODB,
AUTO_INCREMENT = 4,
AVG_ROW_LENGTH = 5461,
CHARACTER SET utf8,
COLLATE utf8_hungarian_ci;

--
-- Create table `comments`
--
CREATE TABLE comments (
  cid INT(11) NOT NULL AUTO_INCREMENT,
  userid INT(11) DEFAULT NULL,
  megjegyzes VARCHAR(255) DEFAULT NULL,
  ido DATETIME DEFAULT NULL,
  oldalszam INT(11) DEFAULT NULL,
  PRIMARY KEY (cid)
)
ENGINE = INNODB,
AUTO_INCREMENT = 22,
CHARACTER SET utf8,
COLLATE utf8_hungarian_ci;

-- 
-- Dumping data for table varosok
--
INSERT INTO varosok VALUES
(1, 'Ravenna'),
(2, 'Isztambul'),
(3, 'Moszkva'),
(4, 'Hildesheim'),
(5, 'Firenze'),
(6, 'Pisa'),
(7, 'Pannonhalma'),
(8, 'Ják'),
(9, 'Esztergom'),
(10, 'Párizs'),
(11, 'Milánó'),
(12, 'Amiens'),
(13, 'Velence'),
(14, 'Vajdahunyad'),
(15, 'Róma'),
(16, 'Visegrád'),
(17, 'Autun'),
(18, 'Kalocsa'),
(19, 'Székesfehérvár'),
(20, 'Budapest'),
(21, 'Naumburg'),
(22, 'Barcelona'),
(23, 'Krakkó'),
(24, 'Kassa'),
(25, 'Nincsen adat!');

-- 
-- Dumping data for table stilusok
--
INSERT INTO stilusok VALUES
(1, 'Gótikus'),
(2, 'Román'),
(3, 'Bizánci építészet'),
(4, 'tented-roof church'),
(5, 'Reneszánsz'),
(6, 'Nincsen adat!');

-- 
-- Dumping data for table orszagok
--
INSERT INTO orszagok VALUES
(1, 'Olaszország'),
(2, 'Németország'),
(3, 'Oroszország'),
(4, 'Magyarország'),
(5, 'Franciaország'),
(6, 'Spanyolország'),
(7, 'Egyesült Királyság'),
(8, 'Lenygelország'),
(9, 'Törökország'),
(10, 'Csehország'),
(11, 'Szolvákia'),
(12, 'Nincsen adat!');

-- 
-- Dumping data for table kategoriak
--
INSERT INTO kategoriak VALUES
(1, 'Építészet'),
(2, 'Szobrászat'),
(3, 'Festészet'),
(4, 'Nincsen adat!');

-- 
-- Dumping data for table remekmuvek
--
INSERT INTO remekmuvek VALUES
(6, 'San Apollinaire in Classe', 'A Sant’Apollinare in Classe templom Classéban, Ravennától nem messze, Olaszországban. Mindenekelőtt a belső falakat borító mozaikokról híres, mint a többi bizánci alapítású templom Ravennában.', 1, 1, 3, 1, '620026d85407d9.61954282.jfif', '620026d8540830.77497049.jfif', '620026d8540841.42481421.jfif'),
(7, 'Csegelyes kupola (Hagia Sophia belső tere)', 'A templom különlegessége többszörös kupolamegoldása, ami csak első pillantásra, de rendkívül instabillá teszi. Az újdonságot az épület óriási méretei, a 31 méter átmérőjű és 56 méter magas főkupola és a megtámasztását biztosító rendszer jelentik.', 2, 9, 3, 4, '620027fd5e5269.09837960.jpg', '620027fd5e52c5.59749994.jpg', '620027fd5e52d2.13188313.jpg'),
(8, 'Vaszilij Blazsennij székesegyház', 'A Boldog Vazul-székesegyház vagy Istenanya oltalma templom Moszkva egyik legjelentősebb és legismertebb építészeti emléke, gyakran használt jelképe. A híres Vörös téren áll. Rettegett Iván cár építtette 1555 és 1561 között..', 3, 3, 4, 1, '6200289a8656c5.11636771.jfif', '6200289a865716.22375475.jfif', '6200289a865728.86845158.jfif'),
(9, 'MARIA LAACHI APÁTSÁG', 'Elérkeztünk ahhoz az épülethez is, amely a blog fejlécében is látható. Maria Laach a Rajna folyótól néhány kilométernyire helyezkedik el, valamelyest Koblenz alatt. A hely nevéből Máriát aligha kell megmagyarázni, a név másik tagja viszont kissé humoros. ', 25, 2, 3, 1, '6200295f8898e0.32858815.jfif', '6200295f889936.52982746.jfif', '6200295f889948.43386556.jfif'),
(10, 'Hildesheimi Szent Mihály-templom', 'A hildesheimi Szent Mihály-templom korai román stílusú műemlék; a romanika művészetének egyik legjelentősebb lenyomata, különösen a templombelső. 1985 óta a hildesheimi dómmal együtt a világörökség része.', 4, 2, 2, 1, '620029d458a6e0.14203618.jfif', '620029d458a747.48723426.jfif', '620029d458a750.14092697.jfif'),
(11, 'latin kereszt alaprajz', 'A latin kereszt a nyugati, latin rítusú kereszténység legegyszerűbb és legáltalánosabb jelképe. Egy hosszabb függőleges és egy rövidebb vízszintes szárból áll. A keresztény ikonográfiában és a heraldikában a szárak és azok végződése számtalan változatban ', 25, 10, 5, 1, '62002a405e07c5.06037191.jfif', '62002a405e0806.35078228.jfif', '62002a405e0810.81045952.png'),
(13, 'Román keresztboltozat', 'A román keresztboltozat a római keresztboltozat emelt záradékú középkori típusa. Borda nélkül és bordás változatban is előfordul. Legegyszerűbb fajtája a négyzetre szerkesztett boltozat, amelynek homlokívei egyenlők, és a gerincvonalak vagy a bordák derék', 25, 10, 2, 1, '62002b1a180929.63464216.jfif', '62002b1a180966.50698308.jfif', '62002b1a180973.70685557.jfif'),
(14, ' San Miniato al Monte/', 'A San Miniato al Monte bazilika Firenze egyik legrégibb építészeti műemléke, a toszkánai románkori építészet remeke. A firenzei városközponttól délre, az Arno folyó déli partján fekvő domb tetején áll, annak az ősi szentélynek a helyén, ahol Szent Minias ', 5, 1, 2, 1, '62002c77b1a6d4.32875561.jfif', '62002c77b1a720.10226379.jfif', '62002c77b1a739.89283251.jfif'),
(15, 'Pisai Dóm (ferdetorony)', 'Angolról fordítva-A pisai székesegyház egy középkori római katolikus székesegyház, amelyet Szűz Mária mennybemenetelének szenteltek a Piazza dei Miracoli téren Pisában, Olaszországban, a tér három épülete közül a legrégebbi, amelyet a pisai keresztelőkápo', 6, 1, 2, 1, '62002cfe5d8ce3.24771759.jfif', '62002cfe5d8d39.35364553.jfif', '62002cfe5d8d46.05928568.jfif'),
(16, ' Bencés apátság', 'A Pannonhalmi Bencés Főapátság 996-ban alapított és azóta is folyamatosan működő Szent Benedek-rendi monostor, Magyarország egyik kiemelkedő történelmi emlékhelye, egyházi és művészettörténeti központja. Győr-Moson-Sopron megyében, a Pannonhalmi járásban,', 7, 4, 1, 1, '62002d55469864.74577059.jfif', '62002d554698b5.05777233.jfif', '62002d554698c0.73676302.jfif'),
(17, 'Szt. György templom', 'A jáki templom az egykori jáki bencés apátság monumentális bazilikája a magyarországi román stílusú építészet kiemelkedő, szinte szimbolikus alkotása.', 8, 4, 2, 1, '62002da3137bb9.37830306.jfif', '62002da3137be4.52329137.jfif', '62002da3137bf4.80773816.jfif'),
(18, ' Esztergomi királyi kápolna bejárata/', 'III. Béla jól ismerte az akkori világ erőviszonyait, és benne a Magyar Királyságot, amely Szent István után, Szent László uralkodása idején (1077–1095) Európa elismert hatalma volt. Ezt az örökséget kívánta folytatni. Ennek érdekében újjászervezte a királ', 9, 4, 3, 1, '62002e29f06ff0.80630557.jfif', '62002e29f07047.86666828.jfif', '62002e29f07053.92272770.jfif'),
(19, ' Notre-Dame', 'A Notre-Dame Párizs legismertebb gótikus stílusú temploma, a Párizsi főegyházmegye főszékesegyháza. Monumentális méreteivel és díszítettségével különleges hatást gyakorol a szemlélőkre. A Notre Dame francia kifejezés, jelentése: „Mi Asszonyunk”. A katedrá', 10, 5, 1, 1, '62002e80b9fb62.15954340.jfif', '62002e80b9fb96.95517840.jfif', '62002e80b9fba1.43415841.jfif'),
(20, 'Wellsi székesegyház', 'Wells Anglia délnyugati részén fekvő város. Lakossága a 2001-es népszámlálás szerint 10 407 fő. Wells területét és lakosságát tekintve Anglia második legkisebb city státusszal rendelkező városa City of London után.\r\n\r\nA város elnevezése arra a három kútra', 25, 7, 1, 1, '62002ef5eaac52.02263175.jfif', '62002ef5eaaca5.34431758.jfif', '62002ef5eaacb5.58215553.jfif'),
(21, 'Szt. Vitus székesegyhát', 'A prágai Szent Vitus-székesegyház a Prágai főegyházmegye főtemploma a prágai vár közepén. A székesegyház Csehország legfontosabb temploma, cseh királyok nyughelye, egyúttal a gótikus, illetve neogót stílus kiváló építészeti példája. ', 25, 7, 1, 1, '62002f4b4585b9.56940860.jfif', '62002f4b4585f7.28606577.jfif', '62002f4b458603.83928525.jfif'),
(22, 'Ca d’Oro', 'Angolról fordítva-A Ca dOro vagy a Palazzo Santa Sofia egy palota a Canal Grande csatornán, Velencében, Olaszország északi részén.', 13, 1, 1, 1, '62002fc40e82e3.70880789.jfif', '62002fc40e8323.54140275.jfif', '62002fc40e8335.53287749.jfif'),
(23, 'Szent Péter-bazilika', 'A Szent Péter-bazilika a római katolikus egyház első számú szentélye, a négy nagy bazilika (basilica maior) egyike. A Vatikán állam területén épült, befogadóképessége körülbelül 60 000 fő. Szent Péter apostol sírjára építették, ennek ellenére nem ez a tem', 15, 1, 5, 1, '62003070b0ad04.24862849.jfif', '62003070b0ad41.33448433.jfif', '62003070b0ad57.76186867.jfif'),
(24, 'Visegrádi oroszlános kút', '-', 16, 4, 6, 1, '620031028beb20.43883106.jfif', '620031028beb71.37107507.jfif', '620031028beb82.33932645.jfif'),
(25, ' Jó pásztor', '-', 10, 5, 6, 2, '62003157967c91.57400779.jfif', '62003157967cc8.93884113.jfif', '62003157967cd3.56490512.jfif'),
(26, 'Szent. Lázár székesegyház kapuzata', '-', 17, 2, 6, 2, '6200325f21e2b4.28394977.jfif', '6200325f21e308.24818772.jfif', '6200325f21e315.28690973.jfif'),
(27, 'Királyfej Kalocsáról', 'A kalocsai érsek adományaként a Nemzeti Múzeumba került, keresztes pántkoronával ábrázolt, tömbszerű, körbefaragott fejet a művészettörténeti kutatás hagyományosan egy „díszkapun állott alakhoz” tartozó, talán Szent István királyt ábrázoló részletként ért', 18, 4, 6, 2, '620032ae9cd046.32089891.jfif', '620032ae9cd091.61437097.jfif', '620032ae9cd0a9.82239561.jfif'),
(28, 'Szent. István szarkofág', 'A múlt században még rómainak vélt szarkofágot később 9-10 századinak tartotta a művészettörténet-írás. A 30-as években Szent István koporsójaként határozták meg, s keletkezését a király temetéséhez (1038) kapcsolták. A ma elfogadott változat szerint a sz', 19, 4, 6, 2, '6200333023fe18.16268869.jfif', '6200333023fe75.14710233.jfif', '6200333023fe85.03908947.jfif'),
(29, 'Szent Korona', 'A magyar Szent Korona Európa egyik legrégebben használt és mai napig épségben megmaradt beavató koronája. A magyar államiság egyik jelképe, mely végigkísérte a magyar történelmet legalább a 12. századtól napjainkig. A gyakori trónviszályok idején birtoklá', 20, 4, 6, 2, '620033741d10e8.79173523.jfif', '620033741d1130.17429854.jfif', '620033741d1146.64568284.jfif'),
(30, 'Notre Dame szobordíszei(', 'A jelenlegi katedrálist 1211-ben kezdték építeni, és 300 évig dolgoztak rajta.\r\nKoronázó templom, falai között 26 francia király fejére tették fel a koronát.\r\nAz épület külső díszítéseként 530 szobrot helyeztek el.', 10, 5, 6, 2, '620033d2729932.18975893.jfif', '620033d2729979.64102825.jfif', '620033d2729984.24738914.jfif'),
(31, 'Szent György és a sárkány', 'Angolról fordítva-A Szent György és a sárkány Paolo Uccello 1470 körüli festménye. Az Egyesült Királyságban, a londoni Nemzeti Galériában látható. Korábban a bécsi Palais Lanckoroński-ban kapott helyet, amely gróf Karol Lanckoroński-hoz tartozott, és fia ', 25, 10, 1, 2, '62003484099991.45208179.jfif', '620034840999e7.77537016.jfif', '620034840999f5.52173707.jfif'),
(32, 'Ekkehard és Uta', 'A Naumburgi mester (németül Naumburger Meister, Meister von Naumburg) az 1220-as–1250-es évek között alkotó, ismeretlen szobrász. A németországi gótikus kőszobrászat jelentős művésze volt.', 21, 2, 6, 2, '620034c8a6c245.46409677.jfif', '620034c8a6c286.31684229.jfif', '620034c8a6c290.67985198.jfif'),
(33, ' Madonna (A. Pisano)', 'A Magyar Nemzeti Múzeum 1836-ban vásárolta meg Jankovich Miklós gróf, gyűjtő és történész első gyűjteményével az aranyozott alabástromszobrot.', 20, 4, 1, 2, '6200355274db57.67205276.jfif', '6200355274db93.46875752.jfif', '6200355274dba0.16695305.jfif'),
(34, 'A Paradicsom kapuja', 'A Porta del Paradiso a firenzei keresztelőkápolna (Battistero) a (Santa Maria del Fiore) dóm felőli, azaz keleti bronzkapuja. Az aranyműves és szobrász Lorenzo Ghiberti készítette 1425 és 1452 között. A firenzei reneszánsz szobrászat egyik leghíresebb műv', 5, 1, 1, 2, '62003799e62bc1.24412293.jfif', '62003799e62c24.06320175.jfif', '62003799e62c33.45815934.jfif'),
(35, 'Justinianus császár és kísérete', 'A mozaik falképek a hagyomány szerint Justinianus és felesége, Theodora ajándékaként kerültek Ravennába. Az ajándékozás politikai értelmezése egyértelmű: a nagyrómai birodalom örököse Bizánc és ezért a nyugati részekre is igényt támaszt, ezt szakrális és ', 1, 1, 6, 3, '620037efebed67.75741490.jfif', '620037efebeda7.53351515.jfif', '620037efebedb5.38797267.jfif'),
(36, 'Teodóra császárnő és kísérete', 'A Theodora császárné és kísérete című színgazdag mozaik Jusztiniánusz feleségét ábrázolja a középpontban. A császárnő diadémmal a fején, drága kövekkel díszített köpenyben áll. A szereplők merev frontalitása és alakok szigorú körvonalai a szertartásosságo', 1, 1, 1, 1, '620038401d8852.26866507.jfif', '620038401d88b6.59037642.jfif', '620038401d88c5.39384813.jfif'),
(37, 'Vlagyimiri Istenanya ikon', 'A VLAGYIMIRI istenanya ikont a krónikák tanúsága szerint 1136 körül Konstantinápolyból hozták a Kijev melletti Visgorodba. M. Alpatov és V. Lazarev a húszas években Németországban közreadott nagy, közös tanulmányukban1 elsőként elemezték részletesen ezt a', 3, 3, 6, 3, '620038e1d3fa34.76496191.jfif', '620038e1d3fa75.48609170.jfif', '620038e1d3fa84.14853084.jfif'),
(38, 'Rubljov Szentháromság', 'Szent Andrej Rubljov (1360-1430) Szentháromság ikonja 1411-ben készült. Mérete 142 x 114 cm. Ezt az ikont 1551-ben kanonizálták (Sztogláv).\r\nAndrej Rubljov ikonján hitünk legnagyobb misztériumának, a Szentháromságnak képi megjelenítését láthatjuk. A szent', 3, 3, 6, 3, '62003932a37e21.55389846.jfif', '62003932a37e62.59960624.jfif', '62003932a37e78.03146243.jfif'),
(39, 'Maiestas Domini (Kormányzó Krisztus)', 'Az Isten dicsősége (Maiestas Domini) egy a középkorban nagyon kedvelt festménytéma volt. Az ábrázolás lényegében mindig ugyanaz, de számtalan variációja készült. Jézus Krisztus trónon és/vagy mandorlában látható és általában négy szárnyas lény - esetleg s', 22, 6, 6, 3, '620039bd220d68.69615878.jfif', '620039bd220da5.49029970.jfif', '620039bd220dc3.33280328.jfif'),
(40, 'Veit Stoss: A krakkói Mária- oltár', 'A krakkói Veit Stoss-oltár, más néven Szűz Mária-oltár Európa legnagyobb gótikus oltára és Lengyelország nemzeti kincse. A krakkói Mária-templom főoltára mögött található. Az oltárt 1477 és 1489 között Veit Stoss szobrászművész faragta, aki több mint 20 é', 23, 8, 6, 3, '62003a150a4e34.34610040.jfif', '62003a150a4e83.21976175.jfif', '62003a150a4e92.56928131.jfif'),
(41, 'A kassai Szt. Erzsébet-templom főoltára', 'A Szent Erzsébet-főszékesegyház, ismertebb nevén a kassai dóm Kassa egyik legszebb és legjellegzetesebb épülete, Európa egyik legszebb székesegyháza. Az óváros centrumában, a Fő utca központi szakaszán áll. Szlovákia legnagyobb méretű temploma, 1200 m2 be', 24, 11, 1, 3, '62003a9b7cd362.06993857.jfif', '62003a9b7cd3a6.63472358.jfif', '62003a9b7cd3b2.49612269.jfif'),
(42, 'Gótikus üvegablak', 'A rózsaablak, ablakrózsa vagy rozetta román és gótikus templomokon a főbejárat fölött, ritkábban az oldalbejáratok fölött elhelyezkedő, nagyméretű, küllős szerkezetű ablak. Szerkezete a gótikában egyre bonyolultabbá vált, mérműves kiképzéssel látták el.', 25, 5, 3, 3, '62003af49cd173.96831350.jfif', '62003af49cd1b7.23735929.jfif', '62003af49cd1c7.31199108.jfif'),
(43, 'Ognissanti Madonna', 'Az Ognissanti Madonna (más néven Trónoló Madonna) a firenzei Uffizi-képtárban található fára festett kép, Giotto di Bondone alkotása. 1310 körül készülhetett, mérete 325×204 cm.', 5, 1, 1, 3, '62003b363e9f33.22586336.jfif', '62003b363e9f74.36339341.jfif', '62003b363e9f87.83115266.jfif'),
(44, 'Vizitáció', 'Angolról fordítva-A Látogatás egy magyar festő 1506-os festménye, MS néven ismert, a budapesti Magyar Nemzeti Galéria gyűjteményében.', 20, 4, 6, 3, '62003b77432d76.71579340.jfif', '62003b77432db7.95859840.jfif', '62003b77432dc1.06845652.jfif'),
(45, ' Képes krónika', 'A Képes krónika latin nyelven írt krónika, illetve az azt tartalmazó kódex, amely 1360 körül készült Nagy Lajos király utasítására. Szerzője feltehetően Kálti Márk, a székesfehérvári királyi egyház akkori őrkanonoka.', 20, 4, 6, 3, '62003bc715dd45.81708089.jfif', '62003bc715dd90.38054977.jfif', '62003bc715dda9.66070554.jfif'),
(46, 'Magyar Anjou Legendárium', 'Magyar Anjou-legendárium (1320/1340) „Acta Sanctorum pictis imaginibus adornata” vagy Vatikáni Képes Legendárium, illetve Szentek élete. A kódex tartalma Jézus Krisztus és a szentek élete képekben elbeszélve.', 15, 1, 1, 1, '62003c03a60b13.44847905.jfif', '62003c03a60b66.98068864.jfif', '62003c03a60b75.98842832.jfif');

-- 
-- Dumping data for table felhasznalok
--
INSERT INTO felhasznalok VALUES
(1, 'Dobrosi Gergő', 'gergo', 'asd@asd', '$2y$10$zLWRdlqhzTs65TCINxnfW.CqNTmG6Av2Npu4dZrLByC', 'Szerkesztő'),
(2, 'geri', 'geri', 'geri@geri', '$2y$10$y24cCD8tRc87jOfQtl8TguUoUZ4i5fQPkxpLq3Ij3zH0MQ/H1QmFC', 'Szerkesztő'),
(3, 'asder', 'asd', 'asd@adsasd', '$2y$10$cKTif5i5a8fMkkJbToZT2OjIcdYLZVcJD.GCk8t56GyOyxHIK8G3.', 'Szerkesztő');

-- 
-- Dumping data for table comments
--
-- Table remekmuvekbeta.comments does not contain any data (it is empty)

-- 
-- Restore previous SQL mode
-- 
/*!40101 SET SQL_MODE=@OLD_SQL_MODE */;

-- 
-- Enable foreign keys
-- 
/*!40014 SET FOREIGN_KEY_CHECKS=@OLD_FOREIGN_KEY_CHECKS */;